payment_id,user_id,amount,currency,payment_ts,payment_method
6ea07de4-b4d2-43dc-b612-11f34a3afbc2,user_036057,29.99,USD,2026-01-08T14:08:00,card
e7b7a142-2181-4ebd-a477-f19ee0349404,user_006721,29.99,USD,2026-03-30T20:00:00,card
a5f276f8-9712-4c58-aaf2-bb4d1585dbb5,user_006018,29.99,USD,2026-02-05T12:13:00,card
3fcafd09-9da9-419f-b03a-7d9d04f889f6,user_048395,4.99,USD,2026-03-27T08:38:00,apple_pay
d54403db-61ca-423f-932f-b0dfce4a4fa0,user_026159,19.99,USD,2026-02-11T14:28:00,apple_pay
802915a9-8725-4a29-9bc0-62780191e9b1,user_004614,4.99,USD,2026-02-02T03:46:00,apple_pay
c6e34a40-0a98-47a1-8876-750285792e4f,user_023731,4.99,USD,2026-03-02T16:35:00,card
8a5c3795-e97f-4908-9494-4990491e6209,user_030478,19.99,USD,2026-01-13T01:45:00,card
722aedf5-df40-4ef2-ac80-870bac68599f,user_021746,19.99,USD,2026-03-27T12:13:00,apple_pay
32a2f250-e14d-4085-9f09-4cc1516500ac,user_027099,4.99,USD,2026-01-23T02:11:00,apple_pay
2ca86b20-5ca9-4e8c-b85a-f231b2242edb,user_039228,19.99,USD,2026-05-16T11:16:00,google_pay
e163dd41-a3ce-4507-9b72-1500e2970461,user_031921,4.99,USD,2026-02-13T08:30:00,google_pay
7eb6c4b3-21af-4c7c-8e05-abffbe1d6a1f,user_015510,19.99,USD,2026-03-11T12:16:00,google_pay
53e4168b-0121-4558-8c85-ce270ef129eb,user_033627,4.99,USD,2026-05-07T05:12:00,google_pay
b8bf0d99-272f-42bf-837b-7faf0bcb9c53,user_002900,29.99,USD,2026-03-02T20:11:00,card
e2b68b38-4f9a-40a1-b1b5-a9db6bd13f16,user_019205,9.99,USD,2026-03-23T13:18:00,apple_pay
49dc6a9a-0249-4621-96fc-98cbcfbfd460,user_004884,29.99,USD,2026-04-24T22:06:00,apple_pay
84d0fcce-ef6d-4c18-88ec-4c8893f7f618,user_011434,4.99,USD,2026-03-09T14:51:00,card
1ff36495-61c5-4ce8-aaca-27a6812d828f,user_007343,4.99,USD,2026-02-03T23:02:00,card
3ff66cdc-63dc-4636-9d72-95b80341c5af,user_012688,9.99,USD,2026-03-12T22:16:00,card
99979cef-3fb8-4d8b-ae10-6b09e35e044b,user_003336,29.99,USD,2026-04-23T01:34:00,google_pay
b29a65c9-2a17-4b8f-92c0-13fce4aa65ab,user_026621,19.99,USD,2026-03-09T11:39:00,google_pay
2606b1ab-d281-4c5e-97dc-2b3cb5056f9c,user_026621,9.99,USD,2026-05-02T19:17:00,apple_pay
99c593b1-1e2d-41c5-91ee-9699071a1cc5,user_029077,9.99,USD,2026-02-20T08:57:00,apple_pay
fb95c68d-670b-4421-a692-1ada4550ad83,user_022573,9.99,USD,2026-04-12T16:03:00,google_pay
4eba4677-3b93-4d9d-9be0-0aba7bfb4752,user_049347,4.99,USD,2026-05-10T15:00:00,card
5f51bee6-d2ac-4a7c-b18d-2ed63b3a2dae,user_024385,4.99,USD,2026-04-24T12:32:00,google_pay
c233ed06-0a47-49d6-85dc-36d1ff1f80a9,user_018127,4.99,USD,2026-02-05T02:41:00,google_pay
cd753e63-1a2c-42f9-a340-d80a509d5577,user_018127,29.99,USD,2026-05-06T10:03:00,apple_pay
e512c27e-910f-4f11-864d-5dbc3681c766,user_001481,29.99,USD,2026-01-21T03:03:00,card
53107572-3945-4f0e-96fc-b4f65cfa394f,user_013296,19.99,USD,2026-03-13T23:33:00,google_pay
cc4a9096-80d9-467e-8947-011e9ee4bb73,user_031870,4.99,USD,2026-01-24T06:19:00,card
97a63ad0-a646-44be-9543-2bb4e9eccbf4,user_029429,9.99,USD,2026-04-12T06:37:00,google_pay
1819b0b2-b3c1-42dd-97f4-732bc298cbdc,user_009926,4.99,USD,2026-04-03T10:52:00,apple_pay
fb812bed-21ae-4abb-9568-d2d93cb842f1,user_004476,4.99,USD,2026-03-10T21:27:00,google_pay
40ead89d-9547-43d4-b03d-ce4130c9663b,user_047178,29.99,USD,2026-04-05T20:26:00,apple_pay
48e346cb-d254-4cd8-9acd-db507e73e60f,user_011016,9.99,USD,2026-02-03T01:55:00,google_pay
6b70405a-a623-471d-87f4-1883983fc757,user_007004,4.99,USD,2026-03-10T16:12:00,google_pay
5729714a-fe1b-4453-b642-f215977289dd,user_041113,4.99,USD,2026-04-12T13:30:00,apple_pay
9cb8a8d5-2340-4bcf-824f-0e96ae7afd87,user_018220,9.99,USD,2026-05-16T15:58:00,google_pay
0c35dfa5-8a9b-4736-94fa-d3a5123368b8,user_026358,19.99,USD,2026-04-20T17:21:00,card
b32201c7-c393-4c27-aadb-15f2fb15227b,user_009255,19.99,USD,2026-03-25T00:56:00,google_pay
179e2b9f-bfd3-441b-8180-30950c0abff5,user_014496,29.99,USD,2026-02-15T22:44:00,apple_pay
df8d4e7c-928d-4864-af4e-2a0d0a83aa84,user_043025,9.99,USD,2026-02-04T07:37:00,card
7aac44ff-d77f-477a-9d01-9a0436fe20ef,user_033558,9.99,USD,2026-04-09T12:36:00,apple_pay
b33543c1-e975-46e9-940a-a4e0aed15d67,user_036935,29.99,USD,2026-02-04T01:59:00,apple_pay
b46f4751-12f6-4699-a3c3-055e74751cba,user_034366,9.99,USD,2026-01-29T08:27:00,google_pay
9e5216d7-d198-47cc-8da0-53d247183f7e,user_041961,9.99,USD,2026-02-27T06:55:00,google_pay
846bcefd-3a20-4073-a7dd-1a8d22e45410,user_017597,9.99,USD,2026-03-15T20:48:00,card
00e4d878-63f6-454a-80d6-52e969d60ce0,user_036051,9.99,USD,2026-02-22T20:48:00,apple_pay
88caaa11-2c89-47a1-af0e-d7b1ec5ce188,user_047721,9.99,USD,2026-05-03T17:54:00,google_pay
23ca4891-a2ae-41c0-b0bc-cf79d2019b03,user_047721,4.99,USD,2026-02-25T01:06:00,google_pay
70169c9f-7839-4c4c-bb17-10678d7c1df3,user_036455,29.99,USD,2026-04-08T06:57:00,google_pay
a388ef23-1a9f-42d6-8beb-9678e0af6783,user_008878,19.99,USD,2026-03-27T15:27:00,card
98498452-4578-40e8-8ebe-249b416d4d20,user_008871,4.99,USD,2026-04-11T13:22:00,card
67c74e8b-0993-4ca5-817a-71e91b2ddc9d,user_010425,19.99,USD,2026-03-24T17:28:00,card
9a14aaf1-63eb-48e7-8321-0e7cb9a0a7d6,user_006833,19.99,USD,2026-04-10T19:24:00,google_pay
bae6b339-8b2c-4ef8-a52b-aea069680bb0,user_041288,4.99,USD,2026-02-12T04:58:00,card
b193e6fb-58d1-4e03-a2bb-95d187c50568,user_030880,19.99,USD,2026-04-02T23:21:00,google_pay
d12a359d-97bf-48e2-b309-8c97af13b736,user_017395,29.99,USD,2026-05-12T01:08:00,google_pay
2b6e2bba-7ad4-436d-8873-0f556db1ff2e,user_001994,19.99,USD,2026-01-12T18:02:00,google_pay
0a54afc9-68d3-4586-9dbd-7eaaf307b503,user_023423,9.99,USD,2026-02-20T01:46:00,google_pay
fc0be760-5074-4196-9191-b96426cc6aab,user_040921,9.99,USD,2026-04-17T18:58:00,apple_pay
683647ff-dde1-4aa9-8371-913c18841dbd,user_000500,9.99,USD,2026-02-27T21:36:00,apple_pay
ec685b1f-54ae-4d21-aac2-2e1801031dd7,user_026739,9.99,USD,2026-02-28T18:52:00,card
eb5580c5-c1ae-4305-8646-422eea951778,user_001431,9.99,USD,2026-02-07T03:42:00,card
e3eb9e8a-8c11-4742-99d6-e7d6253c7f14,user_013626,4.99,USD,2026-04-20T04:17:00,google_pay
e0b915ad-a905-44d9-b092-5a3c4bfe2d2b,user_016346,9.99,USD,2026-05-20T22:33:00,google_pay
0dffd4be-9aa4-489e-a32e-49119b597720,user_012478,19.99,USD,2026-01-10T11:26:00,google_pay
7dabe592-0630-47e3-a642-8a961460eda2,user_009793,4.99,USD,2026-03-03T01:57:00,card
8fb70937-e1d6-406b-8f3e-eb7ec570a4c2,user_009793,29.99,USD,2026-03-25T09:27:00,google_pay
c3bc34d2-681b-474b-aa5f-dd73b51628ee,user_018903,19.99,USD,2026-03-14T00:47:00,card
30ab18a1-4e27-415a-ba5d-0bebd93333da,user_046448,9.99,USD,2026-03-10T12:31:00,apple_pay
8bd199f7-3fc3-43a4-9837-4ffd4d035a26,user_024773,4.99,USD,2026-05-08T12:19:00,apple_pay
fe133ada-9010-4486-9050-f7d17c6334ae,user_005361,19.99,USD,2026-01-24T13:46:00,apple_pay
57cdd682-e0c7-4799-a5d7-c971db12563f,user_018918,29.99,USD,2026-04-19T06:23:00,apple_pay
07a064b0-2292-4f19-9a62-f4760a8a49b7,user_030962,19.99,USD,2026-03-28T19:22:00,google_pay
6d9e9dc1-4824-4f45-a1cc-5b4ad96e567b,user_044719,29.99,USD,2026-03-15T04:11:00,google_pay
c7f8e93a-a0b2-4506-8760-e85f785da071,user_005200,29.99,USD,2026-02-06T16:27:00,google_pay
6d40fe81-340c-4d90-8024-c1fcd55274dc,user_025912,9.99,USD,2026-04-05T14:51:00,card
cb8f4ddb-2171-42fe-b09a-bbf1bdbc76c9,user_028149,29.99,USD,2026-03-29T16:31:00,card
2b2e28d3-6e22-4e30-a9f0-dd729b311fad,user_004305,4.99,USD,2026-03-01T06:19:00,card
d52dc58a-0cb5-4f81-acd8-4152f784b666,user_040563,19.99,USD,2026-03-21T06:14:00,card
36413044-a0fa-4f45-b98e-4d559e50dca0,user_025326,9.99,USD,2026-03-03T19:15:00,card
3db29e67-757d-4f22-b4c9-e879ee21e102,user_044859,4.99,USD,2026-01-19T08:23:00,card
461bdf3e-e231-4d7f-a5af-d002c6130a46,user_048544,9.99,USD,2026-04-26T21:28:00,google_pay
85f6d2d1-e286-472b-b676-3323db81044d,user_009315,9.99,USD,2026-05-01T11:07:00,apple_pay
260da9bf-b616-4a2a-b82e-d2b10594a5db,user_012082,19.99,USD,2026-05-03T23:30:00,google_pay
15fe24aa-f04c-40ca-947f-7d990d12d71e,user_012082,4.99,USD,2026-03-09T03:14:00,card
126866f3-2f5f-479b-bda1-8c4e3b297549,user_030273,4.99,USD,2026-04-02T04:34:00,apple_pay
0eaae37b-1cb3-482a-8338-03c3e54b0ffe,user_037919,19.99,USD,2026-03-04T04:25:00,google_pay
26aecc6a-8169-46b9-a931-70e96be71739,user_045132,19.99,USD,2026-01-20T13:40:00,apple_pay
fe7f4b50-207d-4b1c-9317-75cdb6ba900e,user_016179,19.99,USD,2026-02-12T07:14:00,card
02001d0d-da8b-495c-8274-a9eb966a882f,user_020208,29.99,USD,2026-02-04T02:48:00,card
c39da7fb-cbab-450b-9de8-36eb52f671d1,user_042968,9.99,USD,2026-04-27T19:51:00,google_pay
db7a4fcf-23b2-4e27-b124-b72fb215a62b,user_016101,29.99,USD,2026-04-19T00:03:00,google_pay
8978b2b7-9d7a-4f9d-a8ad-8978aa4e60f5,user_020575,4.99,USD,2026-05-04T03:53:00,apple_pay
04f4241b-e7f4-447d-9f84-6e23cdf58f12,user_016324,4.99,USD,2026-05-30T15:18:00,google_pay
6770eed7-c238-4c03-a868-c6ab9a0e5578,user_036996,4.99,USD,2026-05-13T11:34:00,card
ec3b5768-92d4-4015-bc45-e852131b0b1e,user_013977,29.99,USD,2026-01-31T22:52:00,google_pay
2a3c1085-47f0-4445-a09a-92c8710f6bac,user_026460,19.99,USD,2026-03-25T22:59:00,card
7211d00e-136c-491e-9e31-9cf2c17b5907,user_043431,9.99,USD,2026-04-20T01:48:00,apple_pay
010dbbb0-72e5-474c-8609-5f9d2d841ab9,user_023598,29.99,USD,2026-03-19T20:59:00,card
266543d9-26bf-47c9-bafd-a0a27f0f3285,user_017596,29.99,USD,2026-02-06T03:19:00,apple_pay
753e7252-b33e-411a-8082-9a6dd8bcfbf4,user_017019,19.99,USD,2026-03-06T23:33:00,apple_pay
c61e354f-fb20-460c-95c1-c5b6c14ead1b,user_017181,29.99,USD,2026-04-08T16:15:00,apple_pay
ff4d27d2-11c3-40b8-86f8-b50cb48f3be8,user_046918,29.99,USD,2026-01-30T13:07:00,card
c7aa557f-51c8-4d11-a5db-66a6140a05d0,user_041049,29.99,USD,2026-02-24T07:06:00,card
8ac7593c-47dd-44b4-b5d7-c99078aaa284,user_008673,19.99,USD,2026-02-09T21:46:00,apple_pay
a6ad74b4-3d6f-46f3-b003-0a007db2f95c,user_010008,9.99,USD,2026-04-12T13:41:00,google_pay
496d5ab0-cb1b-4ea0-976e-be180274b84d,user_003351,4.99,USD,2026-04-17T15:05:00,card
2a77426c-f829-409c-92f1-e8ea77d1f443,user_031201,29.99,USD,2026-04-13T09:45:00,google_pay
50c3b5b8-9b52-4581-92b6-514a72c85f85,user_031201,19.99,USD,2026-04-20T21:56:00,card
8a685b9a-0eae-48ec-96ef-0727711f3b6d,user_027647,29.99,USD,2026-02-15T17:28:00,card
305df1ef-26c5-4613-81cb-2f69c0fa9d2d,user_047980,19.99,USD,2026-04-15T17:20:00,apple_pay
5e85eef0-7b7a-4530-9b6d-643a02bcd3d6,user_034196,19.99,USD,2026-02-17T22:29:00,card
3c7ea4cc-8ec5-4d05-9ca1-9556bcd18e1c,user_046523,9.99,USD,2026-05-05T13:46:00,google_pay
01f35994-64f7-4ca2-869b-20b8c4381f7b,user_025778,4.99,USD,2026-03-24T10:13:00,card
5cf4f0f9-0a38-448e-b39b-c67db7da8422,user_040005,9.99,USD,2026-03-29T18:59:00,card
de4e4b1f-e5d0-485d-90f9-21e1e11e1caf,user_031558,19.99,USD,2026-01-14T21:26:00,apple_pay
f36263cf-542b-48f8-bb62-34424e75592d,user_019731,9.99,USD,2026-05-17T07:44:00,apple_pay
974bf2f9-423b-496f-aa95-c9c54d7a4b12,user_044507,29.99,USD,2026-04-05T02:54:00,apple_pay
80eb59e6-0e42-48c8-9f6b-d68198ebace3,user_030911,29.99,USD,2026-03-18T12:34:00,card
d0a82a6f-93ed-46a9-841c-9385ce6bfc1e,user_006340,29.99,USD,2026-03-27T09:46:00,apple_pay
eaa0027b-dd66-4239-9f0c-2a3922e6acc1,user_016110,4.99,USD,2026-05-05T05:28:00,card
e507ded0-46d3-4d49-bc9e-7a0f425f9ed2,user_011888,9.99,USD,2026-04-23T15:33:00,google_pay
d263ed56-035e-4817-aded-d2da556e7d0a,user_011888,9.99,USD,2026-03-11T15:18:00,google_pay
2a50726c-0e46-449d-b429-961334987061,user_013125,19.99,USD,2026-01-10T11:08:00,card
fda3c9ca-dcd0-4510-ad4c-f17d44a8ca42,user_013125,9.99,USD,2026-03-17T23:33:00,card
e4253395-c72d-42ba-a823-f2a72343a065,user_005879,29.99,USD,2026-03-27T05:03:00,apple_pay
55b61d86-9a91-479e-8f8e-90ee912fd897,user_027779,9.99,USD,2026-05-14T11:28:00,card
3f61f0aa-cdd2-421e-b367-e96fe6dd5bbf,user_002230,9.99,USD,2026-04-09T19:59:00,card
edea2125-114f-47d5-b4b2-ceb1501c8a18,user_005655,19.99,USD,2026-04-01T07:06:00,card
6ca45ecd-0e2d-40a3-90e7-3cf29895041a,user_005655,29.99,USD,2026-03-11T11:44:00,google_pay
c38ed500-119f-474b-8298-9bc19470af57,user_010523,9.99,USD,2026-05-02T11:05:00,card
e7150502-723c-472b-b8b0-cd4ee3977d58,user_017723,9.99,USD,2026-02-08T02:27:00,apple_pay
f307374b-503d-4771-912a-7c5d9818d77a,user_022061,4.99,USD,2026-04-19T14:53:00,google_pay
e22fbf1b-b635-4dc8-95cc-e692241f37fd,user_023177,29.99,USD,2026-01-25T08:18:00,apple_pay
731403cc-95a5-4f58-9f74-8dd25235bb3e,user_018363,4.99,USD,2026-03-31T18:04:00,card
51e43757-b83d-4c03-b2ce-a74d15975d2f,user_008575,19.99,USD,2026-02-17T21:00:00,google_pay
69487b7b-6163-4125-8a6c-ffc960aafe7b,user_002726,4.99,USD,2026-02-15T16:44:00,card
125f6eec-3797-42ab-9f48-d259da4e3cf8,user_025645,4.99,USD,2026-02-17T00:23:00,card
f235fe94-2f61-47ab-a15b-4e5b714bf6e1,user_006400,9.99,USD,2026-02-04T00:14:00,google_pay
ebfe014b-b2ed-4eb1-82cb-9e6799447e47,user_036282,29.99,USD,2026-05-05T15:46:00,card
0ad0e65d-219b-47e2-aad1-562624fc1691,user_036282,19.99,USD,2026-03-14T23:41:00,google_pay
ec566feb-9047-42ef-bfa2-88a310d59b1b,user_004891,29.99,USD,2026-03-18T07:02:00,card
3d97fb5c-bfe4-4af8-bbc0-321a33e65f1e,user_024573,29.99,USD,2026-02-03T20:27:00,card
52d85ef0-cbdb-4f4b-8e19-9fa44278fa35,user_001589,19.99,USD,2026-04-18T14:39:00,apple_pay
0ab63d97-78c9-414e-83b3-aabb8f14a2de,user_040575,29.99,USD,2026-04-15T02:06:00,card
39277283-3b93-4b6d-bcec-2f2adb7e0725,user_036708,4.99,USD,2026-02-11T07:03:00,google_pay
c7c40428-49c8-4d4f-8d99-777f74b87a01,user_009852,19.99,USD,2026-04-07T16:10:00,google_pay
ce9c590a-b97f-4ea3-95a3-ebc99178e218,user_022665,4.99,USD,2026-04-20T21:24:00,google_pay
985dbbc3-c6bc-4d8d-9288-14ed8bb73c8a,user_049482,19.99,USD,2026-02-12T21:06:00,card
8aac6e42-f9bb-4c1b-98cc-1db212f16957,user_019454,9.99,USD,2026-05-04T13:47:00,apple_pay
5fddc24c-404f-4df5-8c8b-9ab530b05dcf,user_039594,19.99,USD,2026-03-24T15:16:00,google_pay
e3d9c138-53c9-4c83-a33e-6b5f36c12da8,user_001261,29.99,USD,2026-04-27T14:06:00,card
7a91784c-2d07-43aa-90dd-cf831b45d12f,user_025205,19.99,USD,2026-05-05T06:19:00,card
244a9bc1-d066-4ab3-9aef-ebb7deddf2bc,user_034267,19.99,USD,2026-03-28T05:48:00,card
0ff5b90f-bcb8-4b75-8fd3-946ded8ba0a1,user_045207,29.99,USD,2026-03-20T23:26:00,card
3290f185-6988-46bb-940c-be17ab64efee,user_043037,9.99,USD,2026-01-06T08:04:00,google_pay
08e9b0d9-f163-49ef-b746-d45e5d02f3c2,user_038894,4.99,USD,2026-04-10T13:10:00,card
68b6897e-5b46-4701-b4e8-53824fe87148,user_047631,19.99,USD,2026-02-09T12:39:00,google_pay
067f0479-4315-435d-b4ba-507f3a9fee68,user_025988,29.99,USD,2026-04-24T04:57:00,card
d3c1537b-750c-4ebc-ae71-f3d96d481947,user_025988,4.99,USD,2026-05-09T10:17:00,google_pay
d48210a3-6ded-464f-bf68-e0a196a99439,user_025988,19.99,USD,2026-04-19T05:07:00,google_pay
247120bc-433d-4b74-8080-5468ad6969a5,user_040187,19.99,USD,2026-04-13T17:32:00,apple_pay
f294b8e4-f7ac-4057-b624-bf62a1149415,user_003581,29.99,USD,2026-04-18T12:27:00,card
b14c59ab-90a4-4a33-a03b-697ff099c260,user_009748,29.99,USD,2026-04-30T00:00:00,card
87120029-d1a3-4018-bd2d-e11d52c16c36,user_013985,4.99,USD,2026-04-16T18:53:00,card
4a0bf4b0-9b17-48a2-bdd6-3b963b5cb37b,user_025591,29.99,USD,2026-04-25T18:00:00,google_pay
3d1990bd-4d31-48e4-b42c-4e611f05c608,user_031191,29.99,USD,2026-05-07T03:16:00,apple_pay
3dab90ff-9858-4cbe-80c0-919a92572e96,user_034348,29.99,USD,2026-03-25T10:18:00,google_pay
f7181221-c3fb-489c-92db-db5826960999,user_049478,9.99,USD,2026-03-01T06:42:00,card
1c9b662c-3bb5-4c53-9b30-d2c80eff5567,user_020525,4.99,USD,2026-02-13T13:42:00,apple_pay
05849061-d9c2-4a48-be64-7359d56fc89e,user_013835,9.99,USD,2026-03-09T05:36:00,apple_pay
a4103e7b-9008-4023-bb9a-e9e1e9ad728a,user_012608,29.99,USD,2026-04-21T05:14:00,apple_pay
f1c78da6-88cf-4fc7-991c-2acb256a586f,user_038764,19.99,USD,2026-04-04T16:02:00,card
d5de9779-b29b-45f7-814f-bac7cf4953cd,user_030517,9.99,USD,2026-02-20T12:56:00,apple_pay
0fb4c53e-772e-4da8-b961-2cc71f58852d,user_014601,29.99,USD,2026-05-02T20:28:00,google_pay
edc128b3-b845-4006-af40-6b7a27a5cfa4,user_008668,29.99,USD,2026-05-23T09:33:00,apple_pay
cf3ef6e1-d17e-49b8-9dd4-95a9513a083e,user_028686,9.99,USD,2026-03-08T17:00:00,card
aa8fd083-ad3f-43ba-9bd0-a73924d47c55,user_001687,19.99,USD,2026-04-28T00:46:00,google_pay
355ca3e3-4fc2-4e63-96b5-0dafbf924d95,user_049994,9.99,USD,2026-02-18T02:44:00,google_pay
df55f2de-7d11-488f-b5ae-66202afd7193,user_002708,29.99,USD,2026-02-04T19:26:00,google_pay
0a776ecb-cba7-4bae-985a-784d5eec37d6,user_042981,29.99,USD,2026-04-03T02:19:00,card
c7f3b7fd-eeb4-4fd0-a8ce-a2127d9ef0a7,user_008874,9.99,USD,2026-03-04T23:27:00,card
dcf247bf-1368-4f7d-b756-5b2e68e52b6b,user_003904,19.99,USD,2026-03-28T14:32:00,apple_pay
794ad452-b011-4fdf-a638-32ad6ce46f59,user_037410,19.99,USD,2026-03-31T01:04:00,google_pay
0e2f4a85-1912-4229-a89a-9d936f281287,user_005318,19.99,USD,2026-03-21T18:11:00,google_pay
4b3bad5e-6b24-400a-8436-5bde59ebc8f7,user_045228,9.99,USD,2026-02-15T05:10:00,apple_pay
a4a5a01a-0263-4630-a0f8-dddb4d589ecc,user_042779,4.99,USD,2026-04-05T09:33:00,google_pay
45dbd173-b851-410b-bfc7-456f29118056,user_036751,29.99,USD,2026-02-19T08:06:00,card
1cfa442b-9663-4f5f-afe9-106c508b3180,user_040221,4.99,USD,2026-03-25T23:36:00,google_pay
964a810b-f8a7-4651-b1a1-8ff063fbbdee,user_047898,9.99,USD,2026-01-23T13:07:00,card
41deb72f-f09d-4b6b-bb97-49877fc1e645,user_033286,29.99,USD,2026-04-21T21:32:00,apple_pay
3eae246d-185a-4937-a293-921507b5f832,user_038120,29.99,USD,2026-03-07T04:18:00,apple_pay
cae45516-e6e2-4048-a6f5-fcdd0c427f71,user_036611,4.99,USD,2026-04-24T13:34:00,card
1c3c0f62-0020-4e6f-9777-74e624685fb9,user_022221,19.99,USD,2026-05-04T04:19:00,apple_pay
813e4901-9f7f-4c81-9428-7f8137a1a616,user_028624,19.99,USD,2026-02-14T02:25:00,google_pay
e34e4758-0492-4390-a9e4-bf8b1b7952f0,user_003184,9.99,USD,2026-04-13T13:49:00,card
ecaaa45c-2e97-481a-b1a9-c8b0c6b6f033,user_003758,29.99,USD,2026-02-14T20:04:00,google_pay
e9916fa2-8cf1-4bbc-b07a-87ae368a7ee5,user_023580,19.99,USD,2026-05-07T19:21:00,card
7def871e-d569-40a2-8a31-b4972141406d,user_017575,4.99,USD,2026-02-18T20:10:00,apple_pay
e7d0d877-0354-43f2-bad7-d6fcd14db28e,user_011415,9.99,USD,2026-03-18T15:01:00,apple_pay
964127dd-1916-428d-8fa1-8a3968f16506,user_013975,19.99,USD,2026-04-26T18:11:00,card
f5382b80-b869-4661-8a48-ff0bf93bb065,user_016411,9.99,USD,2026-01-06T00:57:00,google_pay
4aa22808-4dd7-448d-a40f-29619aa8cb0b,user_033345,9.99,USD,2026-01-22T15:53:00,apple_pay
6d8dbf46-2a31-4105-b6dd-c891b05157d9,user_006454,9.99,USD,2026-01-07T22:38:00,google_pay
06aa8611-ae99-4ccf-bbc9-6d413554edc9,user_024954,9.99,USD,2026-02-08T13:16:00,apple_pay
f75247e8-5e49-4494-b528-dc44825354fb,user_048661,19.99,USD,2026-02-04T07:24:00,apple_pay
cceffeac-1bfe-407b-bc29-dc62f79f2797,user_008175,29.99,USD,2026-05-19T01:16:00,card
2f1af486-09e9-423a-bf7d-80b7d9ad4d21,user_042132,4.99,USD,2026-05-20T19:14:00,google_pay
de78d06a-9f55-4840-9927-5520ff3660e3,user_029818,4.99,USD,2026-02-13T21:30:00,card
4e91d374-79b5-485e-be12-a0733b20e791,user_036803,29.99,USD,2026-01-19T10:20:00,apple_pay
f740b227-521f-4dc8-8dc7-ad98eabde143,user_033196,9.99,USD,2026-05-10T03:54:00,card
94704d5c-9903-4d60-aadc-2ec4afd7cf01,user_016638,19.99,USD,2026-04-29T03:39:00,google_pay
5dd324bb-e7a7-43ca-b9e7-e82fc7da6e10,user_006640,9.99,USD,2026-04-12T10:55:00,google_pay
1449733e-c1bc-4480-a296-0a4e21a440fa,user_004737,29.99,USD,2026-03-29T09:27:00,google_pay
6981cdec-7474-41da-97cf-787af1a880c5,user_000040,29.99,USD,2026-03-28T20:17:00,google_pay
2fbcb0a6-92ab-4e1b-83e2-c897a343af99,user_021885,19.99,USD,2026-01-15T11:17:00,google_pay
6962ccc8-71b9-4c72-8f39-769092eedbbe,user_033077,29.99,USD,2026-01-31T03:55:00,card
51c745ff-70d3-4181-869f-c6999781e688,user_036423,19.99,USD,2026-03-21T12:14:00,card
bbbda02b-c7c7-47f4-a379-dea2889f226c,user_039479,19.99,USD,2026-03-08T08:40:00,apple_pay
69001781-47b8-4305-bc1f-6166af9874eb,user_038750,29.99,USD,2026-02-13T18:39:00,card
95cba0e3-3efa-4372-97ff-30c52c918d55,user_038750,29.99,USD,2026-04-06T12:02:00,google_pay
5b19afaa-b678-4bc1-a9b7-01dfb4a364d9,user_038750,4.99,USD,2026-03-11T00:05:00,google_pay
32cb042d-9ab6-49c7-94e0-09b23f3aeeec,user_026607,29.99,USD,2026-03-11T01:18:00,google_pay
046d7bf3-ef7f-4465-8076-f0f2bf85f8fd,user_020847,19.99,USD,2026-02-09T01:15:00,google_pay
92d90559-5692-4ceb-9164-2fdc67500cea,user_045108,19.99,USD,2026-03-11T14:27:00,apple_pay
d91100bb-745b-411d-b631-3f1f4d55cf3d,user_002536,4.99,USD,2026-02-24T05:23:00,apple_pay
9b62133f-7b3e-4f0f-92d6-6007fed64054,user_022286,9.99,USD,2026-02-26T23:51:00,apple_pay
ac837f9f-48a3-48b5-87dd-737e0d0aa98c,user_013668,19.99,USD,2026-03-13T04:48:00,card
4898d0f6-21c4-45b4-815f-0b82392c9553,user_008942,29.99,USD,2026-03-22T17:07:00,apple_pay
db9586b0-df26-41a3-91b9-a0f0d5012c5f,user_027449,29.99,USD,2026-05-14T01:48:00,apple_pay
ea9aeb6c-edf3-489a-b88b-138a2cf6a94b,user_011028,19.99,USD,2026-05-13T06:46:00,google_pay
465c19da-5d5d-4e31-bc32-d475cdf39dc7,user_044290,29.99,USD,2026-02-03T09:03:00,google_pay
1905f244-706f-41d0-bcb9-884aa03f04cc,user_030533,4.99,USD,2026-05-14T18:51:00,google_pay
a39efe5d-ff29-440d-bc40-06a49d7d41c3,user_022085,19.99,USD,2026-04-24T13:35:00,card
ba8a108c-f65f-4117-b021-ab35e0e33b92,user_006441,4.99,USD,2026-02-08T02:14:00,card
329c824e-78e3-48d5-9f17-f4e3ec7b33ea,user_029823,9.99,USD,2026-03-10T15:40:00,card
66a90977-7c33-4e88-8392-a3bab2dcfe35,user_015880,19.99,USD,2026-02-05T23:54:00,apple_pay
15f9d36d-f9a4-431f-a84e-ee729d5b3acd,user_005938,4.99,USD,2026-02-19T12:46:00,google_pay
9fdfdbb4-2692-4600-9c8d-eb0526d705ab,user_005938,19.99,USD,2026-04-12T08:13:00,apple_pay
b4ffe5a5-5b7b-4ef9-b07c-af43107d9cb6,user_022813,29.99,USD,2026-04-26T20:09:00,apple_pay
1b345c9f-bf8c-4315-a0c3-ef5e7262e572,user_030061,29.99,USD,2026-02-11T16:04:00,apple_pay
bbf5b778-8ab3-4521-bfa3-338f0af59250,user_023548,9.99,USD,2026-02-13T08:19:00,google_pay
208749ff-7255-48ba-abf3-7f5069102c45,user_025976,19.99,USD,2026-04-19T14:09:00,google_pay
e8d63450-f36e-4f58-9ba0-aa1d617393c4,user_008149,9.99,USD,2026-02-05T10:40:00,apple_pay
13a5c51c-a17c-445b-9d8b-b33e2cf7b77b,user_029616,4.99,USD,2026-04-30T18:44:00,google_pay
b3ee4d31-c46a-480e-a9dc-1360c514d03a,user_045069,4.99,USD,2026-03-20T05:45:00,google_pay
f7e3dea4-1f55-4529-8b9d-1d87ad079823,user_006603,29.99,USD,2026-05-30T10:49:00,google_pay
e1e036b3-6f2a-452c-ad01-b5877fc7c59d,user_021339,19.99,USD,2026-03-13T00:03:00,card
117d8768-0932-4c03-93a6-c3291612fadc,user_040650,9.99,USD,2026-04-19T17:25:00,card
a187e89a-ee20-4e84-9f7d-d2dece5d9272,user_041010,19.99,USD,2026-03-08T02:12:00,apple_pay
607955a8-5f7d-4675-8e3e-766c2afc2d3e,user_003329,9.99,USD,2026-03-09T17:45:00,apple_pay
f7a98c57-5886-466f-805a-47c7b321f7c0,user_009992,4.99,USD,2026-02-13T18:02:00,card
3d22b9d9-a932-466a-a25f-40faa45e86f1,user_026465,29.99,USD,2026-03-24T10:49:00,card
f2c0a68c-8692-4d1e-92d6-1a26a419c300,user_044707,9.99,USD,2026-05-27T11:40:00,card
dfd2fad0-c069-4474-92b7-3aaeb4377725,user_029892,29.99,USD,2026-03-03T13:22:00,google_pay
f5e81a0e-aa1a-4337-b381-44a9a38f02ab,user_029892,29.99,USD,2026-03-26T19:25:00,card
69e604fc-7f54-41b3-b792-339dd7db1cfe,user_007740,29.99,USD,2026-04-26T08:59:00,apple_pay
05634f66-bb4e-439e-9d26-505d64cce6b5,user_020071,19.99,USD,2026-05-14T06:59:00,apple_pay
f3669a84-cd95-46b8-9df6-a37442edf6a6,user_014016,19.99,USD,2026-02-25T19:09:00,card
4ffb75af-4fae-4531-9e0d-7129dbf8977f,user_014016,19.99,USD,2026-04-29T02:56:00,apple_pay
eb2a0f12-3c31-47eb-bf12-4129e87c74f8,user_002551,4.99,USD,2026-02-14T18:15:00,apple_pay
b46c4d2a-3781-45bd-a3e4-35179dada503,user_002551,19.99,USD,2026-01-23T04:33:00,apple_pay
55bf7afc-f848-4168-9d20-b402a4fa2577,user_002551,19.99,USD,2026-02-25T12:36:00,card
bbee4e5b-e81f-4f3c-9640-9c6ebbaa0a4e,user_008524,19.99,USD,2026-03-05T03:54:00,apple_pay
68868902-a964-4ec7-a936-e5f80607395a,user_038157,9.99,USD,2026-02-03T05:28:00,card
afd13b94-b140-4a53-bb64-da9094081385,user_046966,19.99,USD,2026-02-22T08:10:00,google_pay
0de3abce-a9a3-4545-b9b9-b12574a6502a,user_020782,4.99,USD,2026-05-08T20:33:00,apple_pay
ac4490dc-8b6e-465b-b8c5-d21203cde575,user_013538,29.99,USD,2026-04-25T23:02:00,apple_pay
44224db5-adfb-47cd-b340-5118e0b7ae8d,user_030907,4.99,USD,2026-04-15T03:55:00,google_pay
44b3f7d9-3736-486a-8250-41aabf45cc0f,user_011862,4.99,USD,2026-03-04T16:51:00,google_pay
9d2fbaf4-9e6a-4920-a72f-839b28620d22,user_039285,4.99,USD,2026-03-08T09:42:00,card
949d0b1a-8975-40d9-b26c-57f6e937f8fb,user_033765,19.99,USD,2026-02-09T16:51:00,google_pay
c71fcc24-6981-452a-82b8-f115c491cb4d,user_013678,4.99,USD,2026-02-10T16:45:00,google_pay
52f8f202-a3c6-4e3d-878f-ce9eb657276a,user_025895,4.99,USD,2026-03-21T18:22:00,apple_pay
3436bfd4-14e0-48c7-bbfd-e8b95bbef4c7,user_004227,19.99,USD,2026-04-07T16:16:00,card
433bc771-9f5d-4c5e-b2a2-80d045ba254c,user_017886,9.99,USD,2026-05-23T17:17:00,apple_pay
7756e517-19d1-4c8e-a3a2-b58c34caac65,user_047052,4.99,USD,2026-04-04T20:24:00,card
b7fcd2d5-c361-4bde-88b0-81fbd1abb39f,user_011615,4.99,USD,2026-02-27T05:04:00,card
7387bd10-cd25-441b-96af-dee7be99f288,user_024947,9.99,USD,2026-05-04T07:24:00,google_pay
d1e1bf37-72d7-4edd-abea-2b0af1df4368,user_015513,9.99,USD,2026-02-19T15:57:00,apple_pay
44454721-f1b3-43a9-96f6-e500f6b7c3af,user_031842,4.99,USD,2026-04-26T06:54:00,card
2ef080f9-7676-4776-8e83-5dfbcad770ea,user_025978,9.99,USD,2026-04-29T19:07:00,card
a06b682b-35e2-4f57-b365-cf1520f4697c,user_011364,19.99,USD,2026-04-19T01:43:00,apple_pay
d6903b78-9e73-4d79-928b-8727ce6a560c,user_019618,19.99,USD,2026-01-15T20:38:00,google_pay
d0581855-60b0-4182-95e7-edc905e20a6a,user_003139,9.99,USD,2026-03-28T10:29:00,google_pay
0f69524a-daa7-4330-a1e1-d2f4c5d7e6e8,user_035663,9.99,USD,2026-01-29T10:32:00,google_pay
ab9f3f12-715e-45ba-a04c-47b69d33bb4d,user_032341,9.99,USD,2026-03-17T12:56:00,google_pay
858a900a-cde5-43d4-95f9-d4d7068b8982,user_000868,4.99,USD,2026-05-10T04:24:00,google_pay
4290fd26-7249-4e5e-8fb2-535d531b5955,user_000868,4.99,USD,2026-01-22T05:08:00,apple_pay
9c150843-4f45-47ce-9347-a21f9bca757f,user_000868,9.99,USD,2026-04-09T15:13:00,apple_pay
e5e19e2a-d6ed-4a34-a3f6-3c4d822da5da,user_047827,19.99,USD,2026-01-15T22:30:00,card
9e0adf5f-8e12-4426-8336-90ab7fad63f8,user_047827,29.99,USD,2026-03-14T16:44:00,apple_pay
15639b38-1504-4c81-9d90-a8956da69585,user_003315,29.99,USD,2026-03-18T03:11:00,apple_pay
f7a3ad08-535a-455c-9cdd-b7d94c6d9d5c,user_003725,19.99,USD,2026-02-28T03:47:00,apple_pay
e41c8639-758e-44e8-a0e1-bce57aab1871,user_037929,29.99,USD,2026-04-02T10:49:00,google_pay
b897981e-f008-4776-aafd-4f7416a1ff0d,user_049945,4.99,USD,2026-04-19T22:03:00,card
d8208514-f31f-4607-a35c-0c1fdd6b8e70,user_022639,29.99,USD,2026-03-14T04:39:00,apple_pay
229b1246-27ac-4214-a44a-1ddd42ecaa60,user_045283,19.99,USD,2026-02-24T06:14:00,google_pay
d51ef2e5-9467-46ce-94c3-786f0be0a463,user_046305,19.99,USD,2026-02-12T21:26:00,card
b65cade3-5320-4eb0-9768-643cac415877,user_046305,9.99,USD,2026-02-02T01:17:00,card
ab1f880c-3031-4485-b4df-25ec31536731,user_021904,19.99,USD,2026-04-24T09:13:00,card
7579522c-7677-4a34-8d1b-740f5079d2ef,user_049092,29.99,USD,2026-04-02T08:11:00,card
cba91c90-3c6e-4440-b750-4b8f992d55b4,user_013636,29.99,USD,2026-02-17T05:28:00,apple_pay
61592c5f-f253-44a4-b515-405146d383f4,user_004586,9.99,USD,2026-04-25T09:20:00,card
34f616e2-8bb1-4a05-9208-426475c71aef,user_049272,19.99,USD,2026-03-06T02:44:00,google_pay
6e610c11-be9d-4938-b9ef-fa5f23ac63f9,user_022855,9.99,USD,2026-02-26T19:14:00,apple_pay
b0bbe537-56cb-4911-8469-2ec94cbb24f9,user_044521,29.99,USD,2026-04-27T10:12:00,card
ef0314ab-248e-47f5-8bce-33c1fb5e3305,user_036647,4.99,USD,2026-04-29T10:30:00,card
9cd4bfcc-2a26-4de1-8bc5-335c94d6ab1d,user_007094,29.99,USD,2026-05-09T04:57:00,google_pay
fb066673-4f04-4220-823b-91d2a742559e,user_048683,4.99,USD,2026-04-16T04:12:00,google_pay
5af885b7-bf2d-456c-a3b0-ffac80ab87ed,user_031059,9.99,USD,2026-02-04T04:08:00,apple_pay
eb910653-9133-4132-bae4-d245a12fc992,user_018714,9.99,USD,2026-04-29T16:33:00,google_pay
be2d6565-acf9-46f5-84fd-635c06dc9615,user_018714,19.99,USD,2026-02-04T13:16:00,apple_pay
a0faf197-4f8a-42c3-9fbe-f14541f94a72,user_028915,4.99,USD,2026-04-18T08:56:00,google_pay
03c8bdb9-cc54-4a45-9977-31e82291bc7e,user_045533,4.99,USD,2026-03-24T16:14:00,card
b177c6b8-af51-416b-a5af-3b8795c34965,user_048630,19.99,USD,2026-02-24T19:00:00,card
e7843af9-8b91-4aa7-860f-aaf52b1abe7b,user_015111,9.99,USD,2026-05-18T13:14:00,card
21512e39-4b6b-4918-8ede-7b8a017358f3,user_036218,19.99,USD,2026-02-10T20:42:00,card
681f086c-8b04-4b59-a71b-f53b6ff6b6bc,user_011039,4.99,USD,2026-05-02T21:26:00,card
09570c1f-387e-40ae-bdea-599fd2e0af37,user_030885,9.99,USD,2026-04-12T05:48:00,google_pay
873125c6-3dbe-4080-92b9-2d294b349067,user_045020,19.99,USD,2026-01-15T02:10:00,card
c44b480f-cce9-49ff-a843-8b42003bb22a,user_015919,4.99,USD,2026-04-16T20:57:00,apple_pay
78003df3-f642-48c0-83be-1e44bc5d4b28,user_033375,29.99,USD,2026-04-26T17:29:00,google_pay
44495635-5cbb-475c-8d90-70474607e927,user_036828,19.99,USD,2026-05-04T01:18:00,apple_pay
37d0912d-d459-4782-af8f-aaad30bf7c5d,user_020968,19.99,USD,2026-04-30T23:36:00,google_pay
5b0bb0c2-3fc4-4c9f-a374-879675d3908b,user_016938,29.99,USD,2026-03-04T22:54:00,apple_pay
62b50b55-d151-41ab-9e08-fea7e0ac4973,user_048884,19.99,USD,2026-04-21T09:52:00,card
90dddeed-d057-494c-91ec-eb18eed62bce,user_008110,9.99,USD,2026-05-25T01:57:00,card
f388df9d-1713-4025-b3a1-da7d25056dcd,user_011480,9.99,USD,2026-04-26T13:43:00,apple_pay
8b1e2468-6a2a-4bad-ba70-6eff7163c431,user_028767,4.99,USD,2026-03-16T17:14:00,google_pay
dc3647b1-9002-4c1d-ab6a-8ddb97ea8fcd,user_004790,29.99,USD,2026-04-08T15:25:00,apple_pay
e8ea64cd-be3f-4052-9017-63c0315d4f61,user_016666,19.99,USD,2026-02-13T10:05:00,google_pay
a2641303-6dd4-47ea-92fa-851ac561b7ae,user_026721,9.99,USD,2026-04-24T17:31:00,apple_pay
c0d77bd7-986e-4153-9c04-780d2accdce3,user_016458,4.99,USD,2026-02-19T07:40:00,card
891e51f4-5fbb-4d4f-bbd2-4b9917af2cfa,user_041936,29.99,USD,2026-01-15T20:12:00,apple_pay
c628d348-e70e-4998-94bf-f18fb832f7bb,user_006967,4.99,USD,2026-03-12T07:27:00,google_pay
ea4b026f-3eeb-4f53-8eb3-284e705ec4db,user_034594,19.99,USD,2026-03-12T06:13:00,apple_pay
8e2eb900-4585-447f-aa12-af8a3c60d713,user_005096,19.99,USD,2026-02-20T10:01:00,card
a596feb7-aebb-44d0-88d0-297321997932,user_012573,19.99,USD,2026-03-03T05:26:00,google_pay
755b2ef5-4e15-4c81-b4f2-aa3a4026084e,user_003547,4.99,USD,2026-03-12T05:40:00,apple_pay
533a4005-4dfa-4f9a-bb54-380d276252f4,user_028641,4.99,USD,2026-01-16T12:25:00,google_pay
1b17e03f-5180-408b-ba64-22be92dbb3aa,user_029537,9.99,USD,2026-04-29T14:03:00,google_pay
4961be07-631d-47c3-821d-da18ea978c48,user_032853,29.99,USD,2026-03-14T12:31:00,apple_pay
ac07a176-98cb-4f88-aeeb-5dd732334e9c,user_010634,9.99,USD,2026-04-10T09:15:00,apple_pay
74e509ee-90ba-4b99-b231-7bd8c3abfe86,user_003686,4.99,USD,2026-05-23T18:16:00,apple_pay
12da4264-0662-4121-a46e-3ac2d649ef05,user_020474,9.99,USD,2026-02-08T17:32:00,card
281b318b-c12a-4b0b-8169-672d473172eb,user_015669,19.99,USD,2026-01-21T05:17:00,apple_pay
bd03157d-aed5-4275-8452-763df639c14f,user_026045,29.99,USD,2026-04-15T17:09:00,card
091835bb-61fd-4438-bc36-678191aa76a2,user_013395,4.99,USD,2026-01-05T03:57:00,google_pay
ce825586-cace-43a8-b5a2-1563fe88e357,user_016883,9.99,USD,2026-05-04T06:42:00,google_pay
93403773-7bba-4376-9079-b751d7999916,user_044640,19.99,USD,2026-03-14T09:04:00,apple_pay
a1168338-5620-4f0b-95b3-32dd5cef0bca,user_044640,19.99,USD,2026-01-19T09:22:00,apple_pay
0f4ae6ff-f56c-41ec-88d8-5b01f66d5e9d,user_037396,19.99,USD,2026-03-22T19:26:00,card
bf1112e2-2c2d-4e05-bbd1-53add3bc3a57,user_026325,19.99,USD,2026-03-15T18:44:00,google_pay
ee34e464-177d-4110-90e6-b725ed1f6f48,user_025466,9.99,USD,2026-05-06T01:24:00,card
978c3973-662c-4613-9571-44ad45b5e9d2,user_017869,29.99,USD,2026-02-18T15:46:00,apple_pay
8129519e-2fea-40de-afa6-049cb7bed33f,user_013899,4.99,USD,2026-01-31T02:49:00,card
8ee42394-6b48-4866-b082-e09f9cd6da9b,user_043631,19.99,USD,2026-02-23T03:59:00,card
a71aeb34-4f02-41ae-9297-b95047e5fe2d,user_048161,19.99,USD,2026-02-18T09:51:00,apple_pay
b6404278-afcd-45fe-998b-98402128bf1a,user_006823,4.99,USD,2026-01-18T18:29:00,apple_pay
b87f13b2-ee0d-49b1-a43a-dbc1ec881355,user_001608,19.99,USD,2026-03-28T12:15:00,google_pay
30289c9d-f1a5-42d4-9d8a-d999e9fc7ff7,user_000498,9.99,USD,2026-05-13T18:23:00,google_pay
2cc4f321-9946-4a4e-a659-64754e39fbf3,user_042078,9.99,USD,2026-02-16T23:00:00,card
f0618e3d-b5af-4936-94f9-305d35144b79,user_036052,9.99,USD,2026-04-11T10:22:00,card
d3fa017a-d782-4197-bf4a-17bd05ffbe1c,user_004180,29.99,USD,2026-02-21T17:57:00,apple_pay
d955b9ed-a751-4538-bc5a-70d9199d7191,user_000909,19.99,USD,2026-02-28T06:09:00,apple_pay
12d5ebdc-b96b-4d4d-917b-281365334ba0,user_036726,19.99,USD,2026-02-07T20:09:00,google_pay
8953a635-f6aa-46a6-85fe-b68cf22b3cdf,user_032018,4.99,USD,2026-02-09T04:13:00,google_pay
0c9c2530-bc2d-48f6-acdf-988b3408abe8,user_040319,4.99,USD,2026-03-06T14:03:00,google_pay
4e24f044-4311-444f-ad94-8c98081b80a5,user_001653,19.99,USD,2026-03-19T13:11:00,card
4dba8522-611b-4c84-96f9-4a0dcb778be7,user_016998,9.99,USD,2026-01-20T11:11:00,apple_pay
45e0ceb8-336b-4fed-a2bd-ba66f42d6d1b,user_023403,4.99,USD,2026-02-08T09:27:00,google_pay
5954fc7c-3870-4d5f-8d1c-255c69c4deb0,user_010511,4.99,USD,2026-04-08T14:53:00,apple_pay
899616df-3ada-4744-82d0-44b8305dc006,user_027975,19.99,USD,2026-03-21T04:50:00,apple_pay
83c11bc2-5e07-4f75-bcee-7c8c177137d8,user_036367,9.99,USD,2026-02-02T16:48:00,card
e8bfcf32-8e99-424c-9dc8-bf57b3240fb3,user_034034,29.99,USD,2026-04-18T12:35:00,card
4e3783d2-9c75-428f-82c8-7c886145eb4d,user_030777,9.99,USD,2026-03-01T11:47:00,apple_pay
4b8c3475-33ee-44b8-8ebe-d05f307e70b1,user_016959,19.99,USD,2026-03-04T13:14:00,card
8fb55d0b-c605-4778-8716-2e2dcaf348f0,user_034526,4.99,USD,2026-03-06T09:57:00,card
7aed4a86-fb7b-4b9f-8799-621511d273f9,user_019690,29.99,USD,2026-02-16T03:01:00,apple_pay
1b5b9720-1967-458b-a037-4d3166ede25e,user_039081,29.99,USD,2026-03-05T01:55:00,card
d39b0da0-d15d-4e5e-8ca6-ae92a94b50db,user_012420,29.99,USD,2026-01-24T01:59:00,card
18178659-de91-47e6-aed5-658c71f2b47c,user_042338,4.99,USD,2026-02-10T01:51:00,card
e1dc1c51-2309-4514-919e-b667fa145a5d,user_018233,19.99,USD,2026-05-25T20:59:00,google_pay
62848c5b-96f3-4d33-894e-d28b0887b3e5,user_001360,19.99,USD,2026-01-14T18:01:00,google_pay
d5a3c354-ecf7-48f6-91a9-f69554591847,user_006964,9.99,USD,2026-03-26T19:49:00,apple_pay
214cc61d-7c84-4698-b39c-4fc011594fd4,user_035775,19.99,USD,2026-04-13T08:13:00,google_pay
5e1dc41d-9373-4ef0-8e18-61868e829e10,user_020733,9.99,USD,2026-05-22T22:12:00,apple_pay
b65cfc03-4fc1-4028-a66d-c1c47f3ec2e5,user_017811,29.99,USD,2026-03-15T03:19:00,apple_pay
102db658-dc3f-4552-a580-f6ce8e0b591f,user_010056,29.99,USD,2026-02-27T12:05:00,apple_pay
99019d3f-dba8-4312-bb28-500aca0d00ca,user_012398,19.99,USD,2026-04-21T11:19:00,card
2be824e4-54e4-4995-9e60-f270f5787814,user_039466,4.99,USD,2026-02-22T04:55:00,google_pay
831e77b5-98f2-4b00-8d12-d5971cb55239,user_030032,9.99,USD,2026-03-15T22:51:00,google_pay
cd3e8b61-7338-49cf-a82e-9a088a4318cb,user_000520,4.99,USD,2026-04-29T09:53:00,apple_pay
36fc94ff-406c-43d2-ade9-2c08a022cb71,user_004358,4.99,USD,2026-03-03T04:56:00,google_pay
1c716c87-21c5-48da-8e19-9be30d721532,user_024486,4.99,USD,2026-04-22T11:25:00,apple_pay
3972b66e-b946-4568-8369-d282d5fb3a24,user_027702,9.99,USD,2026-01-24T03:51:00,card
9b3b7a4b-2470-48a4-821a-f432c8fe1f55,user_026556,4.99,USD,2026-03-13T17:41:00,apple_pay
f3d0c842-43ee-405d-bd25-5509e184392a,user_006274,9.99,USD,2026-04-23T16:01:00,apple_pay
f07ae63b-57f0-40d0-b722-ea43e6ae4253,user_040644,4.99,USD,2026-05-10T02:08:00,card
31575624-a07e-4475-b018-ce120976bda5,user_008170,29.99,USD,2026-01-11T16:15:00,google_pay
614bf44f-b046-4cd2-aff1-ad415ca6094e,user_038446,9.99,USD,2026-04-08T08:18:00,google_pay
98affd7b-5ce9-4fdd-9587-d4ef301a96b6,user_032891,19.99,USD,2026-01-11T03:31:00,card
6e3b5b0a-7402-42eb-9f2a-a6a599914f40,user_032891,4.99,USD,2026-03-26T12:50:00,apple_pay
236d48ca-caa4-48e9-95e0-a9e27227f8dc,user_009980,9.99,USD,2026-01-12T01:02:00,google_pay
bf1bc318-f0fd-4293-bc68-73e3886bdaac,user_044897,29.99,USD,2026-03-08T09:37:00,google_pay
96deb2c5-0cb3-4fef-a036-0ce59164f20b,user_003881,29.99,USD,2026-02-06T07:58:00,google_pay
b6d30319-a1fd-4dbc-b58b-a98afd59ced9,user_001549,19.99,USD,2026-02-27T08:10:00,apple_pay
fe9121f4-3ad2-4480-8c38-bcd4adf16df2,user_046640,19.99,USD,2026-02-08T04:04:00,card
ca231fe2-fe3b-4643-9e9d-941661277fc9,user_011992,4.99,USD,2026-01-18T23:37:00,apple_pay
cacba09c-175c-4793-b046-19d3ad015c72,user_025344,19.99,USD,2026-01-24T10:25:00,card
d99cc898-f9b4-43ca-951e-e67013a5cefc,user_025344,19.99,USD,2026-02-19T10:58:00,apple_pay
63e17e74-3416-45a2-aa3e-dad83b795791,user_022357,19.99,USD,2026-03-16T12:05:00,google_pay
0116a2f4-3899-4238-b7aa-6ecd11c0bd2b,user_001270,4.99,USD,2026-05-02T07:35:00,card
318595ad-fd1b-47fa-abd9-0e8cfb8dd967,user_029698,19.99,USD,2026-02-01T06:28:00,google_pay
ed4e0c59-6548-4772-90f5-d0fa6887cb2b,user_047681,29.99,USD,2026-03-16T14:29:00,google_pay
b5b542bb-8f59-4a23-a8df-c19748b70106,user_024278,29.99,USD,2026-02-03T02:17:00,apple_pay
36ebc22b-c1e9-4c11-a71e-2e31078da399,user_007952,4.99,USD,2026-02-13T09:46:00,google_pay
e6c5c6ff-1c3c-4710-a5b3-a54655a6c9eb,user_005651,19.99,USD,2026-02-02T18:20:00,apple_pay
011d846f-1358-46ad-b98e-401518db44ba,user_026027,29.99,USD,2026-01-18T06:13:00,card
159e8864-ae74-4c57-b53b-3c0a8f230c06,user_008532,9.99,USD,2026-01-25T05:07:00,google_pay
bad399c3-3dbc-4777-a66b-5c96eae55ed6,user_014415,29.99,USD,2026-04-29T20:28:00,card
1ab5b704-b530-4ec1-85ff-97d619c2aea3,user_042905,9.99,USD,2026-02-11T14:25:00,card
d3523a55-6818-4ec1-996e-54235f5087b1,user_013991,9.99,USD,2026-03-07T22:01:00,google_pay
fde6b588-0cf1-4f9a-9651-14c990565e9b,user_013991,29.99,USD,2026-01-28T06:50:00,apple_pay
646e8d3b-0316-49e8-a474-cc03881f90f8,user_005061,4.99,USD,2026-01-23T08:14:00,apple_pay
0559ceaa-d404-474f-bb2c-4d1c3f54a8a2,user_049824,9.99,USD,2026-04-28T19:21:00,google_pay
461033c0-9538-49b6-ba4c-f075e1155855,user_022338,29.99,USD,2026-04-26T17:08:00,google_pay
90b64a6d-ed9b-4761-b581-eb9111c9b8bd,user_038893,19.99,USD,2026-03-06T14:42:00,apple_pay
d844b568-b2cd-440d-bea9-602b26c2e02e,user_003908,29.99,USD,2026-04-29T14:24:00,google_pay
fb813acb-a520-4317-9494-3bc7a0bd09e1,user_030141,9.99,USD,2026-02-05T02:42:00,google_pay
ed2920c1-7f80-43a4-865b-30a5fb263098,user_025106,4.99,USD,2026-01-28T22:17:00,apple_pay
77f9a307-81d2-438d-baee-4e0a9388b4c9,user_046947,9.99,USD,2026-04-25T11:39:00,card
41c3fd3b-b429-4b83-b4a0-e6d9a80bfcb4,user_038226,9.99,USD,2026-02-07T12:28:00,apple_pay
366889e7-42a8-4298-aebd-e4aaf8dae0e5,user_004132,29.99,USD,2026-04-12T08:56:00,google_pay
5b6a4f94-8a88-487b-b2ac-5da8cd585801,user_010296,19.99,USD,2026-02-16T15:47:00,google_pay
7709a3fa-ce41-466e-bc5e-b041bda557d7,user_010296,19.99,USD,2026-02-14T12:39:00,card
81137056-7b6e-4719-9e70-2845454db61a,user_022616,19.99,USD,2026-01-09T14:19:00,apple_pay
535368a1-c8d8-436f-9af2-4c1d756e6390,user_019174,19.99,USD,2026-02-09T03:07:00,google_pay
9cf0ca13-6968-483c-b2b1-5d251b1f60c8,user_041610,29.99,USD,2026-02-01T03:17:00,card
52086089-bdb9-47e9-9f8f-b1bdfbf1db16,user_030817,19.99,USD,2026-03-30T10:52:00,card
38817ec3-5207-4f31-a83d-b82d925ec788,user_012856,19.99,USD,2026-03-24T20:17:00,apple_pay
dd08ecd5-f972-4ef5-82c1-d828516b30c2,user_009742,29.99,USD,2026-04-13T22:03:00,apple_pay
a3e619d8-4615-4c16-9643-1c699ed747b2,user_025676,4.99,USD,2026-03-19T08:08:00,google_pay
be08fce0-daa1-4791-8936-822ca16818e0,user_030582,29.99,USD,2026-02-07T19:55:00,card
ec449263-c520-47f4-b62c-ec3ca6e08cb6,user_030528,4.99,USD,2026-01-29T22:29:00,apple_pay
1769b905-2d9c-473b-bdf3-54e5f931ce70,user_024298,4.99,USD,2026-02-22T01:31:00,card
4c128669-d9b6-4ef2-b43d-9ef25af4fa30,user_048960,9.99,USD,2026-01-16T21:29:00,google_pay
088699a1-678e-4ec4-88b6-164ad1f40794,user_036305,4.99,USD,2026-04-09T17:21:00,card
f20e67ac-5384-46c9-8ca4-dafee85258ce,user_045497,9.99,USD,2026-03-24T04:14:00,apple_pay
45947b48-68a4-4fd3-9be0-0ea0c25e4f42,user_005434,4.99,USD,2026-04-19T11:47:00,google_pay
e43ce608-539c-470a-b32e-05442b82b658,user_008005,29.99,USD,2026-03-26T08:44:00,apple_pay
f3729e9b-874c-4ea6-9078-14428f692ab8,user_043935,29.99,USD,2026-02-09T10:00:00,card
91c76b7a-627e-48cf-9e89-46a000c675f2,user_023763,29.99,USD,2026-02-23T16:30:00,card
c2e60d81-b258-4cf5-8f83-b8aff832437a,user_007395,29.99,USD,2026-03-04T01:25:00,card
f7e8a1a8-3f07-45b6-8477-0cf05b22b5ba,user_007395,19.99,USD,2026-05-05T09:09:00,google_pay
4e3f9580-afc1-4df8-8502-967ee1d377dd,user_035586,9.99,USD,2026-01-15T11:23:00,apple_pay
b61a4fb6-c602-46c8-9e7b-1c54b4816075,user_009517,9.99,USD,2026-01-31T23:17:00,card
bb1ebdb9-6106-401e-8e5d-7ebec07a3008,user_043643,19.99,USD,2026-04-02T00:18:00,google_pay
ec7e32bc-bfe5-42fa-a32c-2252b7d71203,user_035955,9.99,USD,2026-02-23T05:36:00,apple_pay
cd758748-12b0-4b34-94eb-aa81d0e659ca,user_037149,4.99,USD,2026-02-27T12:27:00,card
636a706a-9b61-452e-bf13-656c8387ae96,user_019257,4.99,USD,2026-03-19T17:05:00,google_pay
de3adc6e-5f0a-4bb7-b516-d4b3110bee55,user_017335,19.99,USD,2026-04-16T05:56:00,google_pay
57ffa443-d990-4808-9065-85d83c6b3a99,user_002049,9.99,USD,2026-02-25T00:41:00,apple_pay
4416574e-a4be-426d-9ade-c4f9d44abb3b,user_042290,29.99,USD,2026-03-30T18:07:00,apple_pay
f81082cd-5502-4729-9eb3-60e7e1203982,user_037442,4.99,USD,2026-01-04T09:18:00,card
e040ddb3-a37b-4d77-a156-6f3d98b48a81,user_005487,29.99,USD,2026-02-11T23:47:00,google_pay
dd6019ce-b98a-4a7b-9bc4-ae53151e3406,user_017507,19.99,USD,2026-04-07T05:46:00,card
542bd80f-a4e3-4cf4-bf96-94d7e9a1aced,user_023945,29.99,USD,2026-02-26T02:12:00,google_pay
de57ab01-79dc-4f41-bc91-2de1168f2fbc,user_045018,29.99,USD,2026-04-04T12:57:00,card
3619f255-a46a-434b-8f4b-4941471ecc55,user_038211,9.99,USD,2026-04-19T00:57:00,apple_pay
86ff954b-c15f-4b78-b5f2-a2fcd38ebb3d,user_004932,19.99,USD,2026-03-26T22:46:00,google_pay
edc7d2e2-d7eb-4687-a96f-3c965249e6b9,user_010966,4.99,USD,2026-02-27T20:15:00,apple_pay
2b9040a3-8f69-4aab-9eb3-afb429201ce0,user_030741,9.99,USD,2026-05-01T13:17:00,apple_pay
